H,DD,UD,key_stroke_average,back_space_count,shift_left_favored,used_caps,label
112.28262947029222,240.33535480585863,111.24662687094698,2.133634698664557,0.07435033498513337,1,1,umut
105.86169519893478,220.65544679067827,119.98952552781866,2.237195850881653,0.07260754826817026,1,1,umut
106.58527009696225,222.792088314692,110.32819890653626,2.238389474356386,0.07557279638455518,1,1,umut
110.70300818773528,208.2830740080319,116.95623368485006,2.245270946666538,0.0723233215952237,1,1,umut
110.68231406739643,232.47433440780136,114.66111376644656,2.1816169039919737,0.07184909155916967,1,1,umut
107.14294472863813,221.91957630987395,120.31878875574213,2.289166819457202,0.08107661232901218,1,1,umut
113.42965886234504,238.4596186628396,105.95333828457386,2.297320087319556,0.07640837339010784,1,1,umut
103.74327540618138,230.70804628336396,113.3550413793008,2.2188557292562887,0.12256161306860003,1,1,umut
104.61497655211235,221.4739303462348,119.84425722167587,2.1822804846548483,0.11690372856528027,1,1,umut
108.12699166761296,236.17788905922546,108.36919954989399,2.3560716533457158,0.07110365479360785,1,1,umut
109.51832012317915,238.83344887265423,114.76828163672835,2.1319184074689885,0.07470950854417763,1,1,umut
106.49587097851627,238.20897283768812,124.02259847862426,2.3048424139068526,0.11648512969889745,1,1,umut
106.73207331737616,222.40267213906418,112.33142377709933,2.2179175913447184,0.12610290678290104,1,1,umut
113.3294000815941,217.8892232495747,114.26253772795675,2.25733246924052,0.1305780097282668,1,1,umut
103.5774205556214,269.42251970563393,150.01952526403403,1.791754772107178,0.11712503344773434,1,1,umut
101.4363563276191,225.54928528837877,121.47269219673557,2.371499802835389,0.07460428860242872,1,1,umut
111.14262711290128,213.535488422359,112.67550949037134,2.0488472643018705,0.12620084096514034,1,1,umut
110.97537048157434,225.96814876437995,111.32240186937723,2.352785807030466,0.07473579321430572,1,1,umut
105.70725403450218,223.74641206569132,123.28840096401991,2.3900450415527623,0.11988864892859714,1,1,umut
106.68550266804733,221.91018677022998,123.69067577257665,2.279394305934179,0.08106162470675513,1,1,umut
105.62759988149911,209.75231438205435,119.46520613117575,2.2806616546349248,0.0743776866058169,1,1,umut
110.49710114045392,264.1664843019722,142.73633548211492,1.8625513371276368,0.11063745596480175,1,1,umut
108.24557752704453,233.32209554557923,109.3235791063793,2.144865503076094,0.07858927488099772,1,1,umut
111.22040314775485,271.826966823421,149.78601677813927,1.8490201445815415,0.10889666817495941,1,1,umut
106.31457952566868,238.27786871418766,112.90510156686665,2.1353632699883653,0.0771500429877363,1,1,umut
102.95226991821531,235.06327126060722,125.91400232587802,2.1916712365944053,0.11934609630835775,1,1,umut
105.1748404275923,243.99138095892252,123.02986201099273,2.3768879314436684,0.12066475233524368,1,1,umut
111.71190638191862,226.25573651266933,115.69664517933631,2.1639081259770796,0.130465490795295,1,1,umut
105.21336026933895,264.9566244584171,140.90975277855168,1.8587382034108004,0.10934643511175428,1,1,umut
105.13533097945377,219.6165749891036,120.29772059799333,2.3202144035588503,0.07318858768077761,1,1,umut
108.84183301887117,230.18261099168132,110.78397299877108,2.2685381449871618,0.0730729035470879,1,1,umut
105.51130470018249,216.75908159938686,117.92209425829964,2.285011924595154,0.11886906269787416,1,1,umut
108.50211293523618,224.83169078386098,112.42331256151198,2.201314663726093,0.1278214754722222,1,1,umut
106.15993848189507,235.0685737256422,120.16399731206047,2.293269283109269,0.1225099012747492,1,1,umut
106.27245970390685,266.24013253913824,143.61358709824935,1.8513298092147956,0.11272224114341634,1,1,umut
108.61700453628434,251.36592206322405,147.18941430063828,1.978413397217781,0.10370594476685979,1,1,umut
105.90691204996875,215.74693769046942,118.54514916529875,2.3151199268759823,0.07768202151598266,1,1,umut
106.06524949968639,222.68680013454758,112.51776331680927,2.1300865432138694,0.12128504044104955,1,1,umut
107.9610074184993,256.3377996769814,151.1405950464075,1.9687980241497844,0.1081243590928881,1,1,umut
114.48771297316044,230.35724794299995,116.6010142101262,2.1410144989197657,0.07439546136279669,1,1,umut
109.46175713164334,213.61587049522257,114.74201984292097,2.2782095572343537,0.07374083630930182,1,1,umut
106.78202979493457,233.5139014351106,113.28431231082843,2.202106818051543,0.07348117157451935,1,1,umut
109.3169014084507,258.7208480565371,149.38162544169612,1.93668935230016,0.109109259284516,1,1,umut
109.9141791044776,224.3370786516854,114.3932584269663,2.2333333333333334,0.075,1,1,umut
109.3041958041958,225.96491228070172,116.67719298245612,2.216573146913848,0.1240040921350404,1,1,umut
106.76875834953863,347.57139428859705,223.93402572619226,1.5133051599079173,0.02844268279881074,1,1,hasan
100.91653573246182,363.83580485637185,248.59784253513453,1.4532529304821857,0.029580507977500826,1,1,hasan
104.85720650435793,331.832537430401,252.41848547857163,1.4270946784876914,0.02949898503920508,1,1,hasan
103.79541249407504,366.17651723643706,259.38874581111247,1.3756102510187167,0.11702258146642443,1,1,hasan
101.87782817505801,365.3939358776469,247.9091343061178,1.4469672415557557,0.11325557595779209,1,1,hasan
95.37336778774916,344.19656834081826,258.1909353622481,1.4820498034010965,0.1118011458831871,1,1,hasan
100.12218597771839,436.6093180891441,338.88361791564114,1.2202143498223106,0.017844052082146754,1,1,hasan
107.89126590237294,332.99796439542826,229.09763117708934,1.546621046192355,0.029720380335138852,1,1,hasan
97.98595156761887,358.57516470700057,260.07829064149195,1.4700730529651769,0.11546246783134363,1,1,hasan
105.50722175683185,421.34418013828713,322.2447307597837,1.2302470368182676,0.016978122097332456,1,1,hasan
97.83557121723929,338.9228709802754,235.23777570478762,1.3691616649690077,0.02978410680935339,1,1,hasan
112.12165245310901,350.41059788486695,232.66632869011934,1.5319600874089376,0.027617544362077365,1,1,hasan
109.36712975979519,356.0199953213321,233.83115739802327,1.5201956458725747,0.02945734683342439,1,1,hasan
104.22207464810398,353.87971557753895,225.9000569120934,1.5617503974300875,0.028028324280142174,1,1,hasan
110.24901111833748,434.7195071926389,317.2367202437979,1.1271631676885583,0.017214463529253096,1,1,hasan
104.42665891905027,371.30760990954667,268.1417647078544,1.4366388928119014,0.11741143801580085,1,1,hasan
95.67859482969997,336.49918580514776,253.55886318028033,1.3979602902535502,0.02972439990246768,1,1,hasan
108.62860962516356,342.46091749932884,213.23630491618286,1.4062596429247098,0.028878393971419943,1,1,hasan
102.90593776671781,414.98079036390834,318.2079638721789,1.1811139354654696,0.01851567653403622,1,1,hasan
102.53433339886,452.05346007093857,308.026899834588,1.1611895712510545,0.01752923946293743,1,1,hasan
99.29880990465736,359.85607657133045,261.3423335222933,1.4623462458159378,0.11228566330697112,1,1,hasan
100.18257302020426,340.7443940490716,222.79539901343242,1.56930917340706,0.02738151775198964,1,1,hasan
96.81240444770475,367.01441810441156,252.59525984874267,1.4447494393049254,0.11561724891378543,1,1,hasan
101.10143490786183,423.7415084294545,306.1817769194065,1.1994598667465897,0.018342360287580232,1,1,hasan
101.8478782517144,355.3910761212198,259.4028162383347,1.3096763671717515,0.10978773708767345,1,1,hasan
104.02010168359313,411.4645876225592,334.2409032167134,1.17398529561733,0.017301018899670312,1,1,hasan
100.50868537955216,388.48860623469227,286.35814493569563,1.307398369351292,0.11257963771716561,1,1,hasan
108.64119371114309,356.5717306527097,260.1771803657407,1.5064587817335477,0.11193065389500828,1,1,hasan
104.60517896625252,321.87663030544263,249.81890242337258,1.4748980576653858,0.030776921863574756,1,1,hasan
101.31218338895852,428.39552336189195,331.31081527919014,1.1763618123484652,0.01763663379913949,1,1,hasan
100.0411768090226,330.24553462575176,242.6480979282787,1.4376100617974052,0.02945665181997307,1,1,hasan
103.6782736137873,350.15537843803924,239.02469579834963,1.4692573860521672,0.02997999238589326,1,1,hasan
98.14952488695633,352.9796041534994,257.8748978473346,1.441261209859521,0.11480650857268004,1,1,hasan
100.89741218372191,432.1828872736284,327.8712647049909,1.175826680150351,0.017589965259932196,1,1,hasan
101.59499143313606,432.26808048303843,312.59369558348726,1.188503241616995,0.01813975189025997,1,1,hasan
105.42622153434932,339.83033527864626,224.20821951911987,1.519299965493588,0.028401126315517607,1,1,hasan
104.1341313111949,360.1650378040956,265.98687793076675,1.4392087971651362,0.11775257972800823,1,1,hasan
100.78717640777859,362.0516698121315,244.20330862688928,1.4730392725033516,0.11724981153017286,1,1,hasan
100.82946896163719,355.43454144846214,251.9726877643641,1.4045567154686758,0.11295577257286518,1,1,hasan
100.60652697390623,370.0682043280935,250.50150810783265,1.3430491990596032,0.11307612284339338,1,1,hasan
107.96904024470045,333.8134736922566,221.80221054082526,1.4736691302367388,0.029044929309033823,1,1,hasan
105.2046332046332,430.31007751937983,325.0387596899225,1.1655326349137776,0.0180005040141123,1,1,hasan
103.5923076923077,335.87258687258685,232.21621621621625,1.4929143985851765,0.0287098922804841,1,1,hasan
102.02,357.2173913043478,255.123745819398,1.4033380734974927,0.1169448394581244,1,1,hasan
104.2546363846332,376.1975948043478,277.124565819398,1.3733382574974455,0.1089448609562449,1,1,hasan
82.4750146904359,444.042793245791,304.49468083842527,1.2118208924503004,0.0050597028696291275,1,1,irem
85.7903305391298,407.3779742749082,352.8124343690328,1.2457082831502577,0.004882987430820752,1,1,irem
89.57516673114189,459.732249418577,356.70628282446563,1.0508657173887812,0.008804947802633741,1,1,irem
90.68577555320715,429.2977369337072,363.7355131042809,1.0500675098406742,0.008445150997431195,1,1,irem
93.59092886633076,429.60803855002735,344.54090188522264,1.192561573643252,0.0045906271534932545,1,1,irem
82.40960119137067,432.4387826834598,329.72719174876227,1.162968137057762,0.005233757720939133,1,1,irem
90.63876339384211,436.2231110338679,310.1231334545369,1.2669749886818895,0.004937201350688323,1,1,irem
84.16621846228284,425.83557854390517,310.5258763454869,1.241481800382066,0.0050302403498268915,1,1,irem
84.52298474793614,424.21127426230413,291.0493007702692,1.4633495539642276,0.006744118167687003,1,1,irem
84.96579129690392,442.65424667124404,346.20139438583084,1.1272655136030028,0.008757649732410253,1,1,irem
86.83921549116512,427.0634941263344,362.89089876287346,1.1278776731138735,0.008646838099979,1,1,irem
93.16955990906092,417.3221296282699,355.30708364362874,1.2133277970238345,0.004666050768371577,1,1,irem
84.48718586471338,449.1893899781637,368.30336868380493,1.1260437040366473,0.009045099802802095,1,1,irem
84.6139662801748,431.0355454694153,352.24730472647735,1.2277078033456044,0.0053752000605402726,1,1,irem
86.64940640273971,420.2858309770762,324.52618984742344,1.492782636630796,0.00721374597058742,1,1,irem
82.39212487765035,421.586086353652,350.6090141037833,1.1320062696930142,0.008584854181947144,1,1,irem
83.22096113265685,439.91101393511076,354.8126897766639,1.1764339517689657,0.008792700076750338,1,1,irem
92.69481839491942,414.84247671293554,328.7610055414935,1.4700001454837233,0.006589587791682144,1,1,irem
96.05961271979355,433.93977524838175,321.27457431448414,1.4282831377892238,0.006853345670224733,1,1,irem
86.7585241717782,442.4457481796587,357.9782492734783,1.2073600684741257,0.009152576545350658,1,1,irem
85.01602876899102,450.14631519717904,336.72095942146035,1.1050677500422632,0.008968309455823392,1,1,irem
88.27147744855043,432.3467623408996,333.36495843250646,1.23226396300369,0.005278422723317074,1,1,irem
88.34198602096562,425.826572843486,304.10086615006804,1.2390433303300876,0.0052377453929109575,1,1,irem
82.3308768568967,438.19294972186634,345.50826248037333,1.1945881555495008,0.00823497738137555,1,1,irem
94.30954831017912,393.2726912433317,341.3491116971428,1.43519576843468,0.00682247096563269,1,1,irem
84.18709682660922,444.9901984134221,329.3629829328572,1.06284891003123,0.00911689098177384,1,1,irem
88.44354442940653,451.4633807922156,368.4152374059794,1.1214890916783076,0.009090060597471524,1,1,irem
81.83424891221027,416.83051400540654,323.6081743858625,1.1480229100040529,0.005341600347916587,1,1,irem
83.07892914071621,447.94002842511475,355.50101424442533,1.1328932126588998,0.00969226635717201,1,1,irem
90.2990392028841,399.0642341005108,326.4677958660519,1.4739099424610502,0.007029498241650525,1,1,irem
84.0621013354931,422.390783864047,357.66448764777,1.147980926395385,0.008620303725347375,1,1,irem
87.59432275291074,428.92679173085423,346.55095471077874,1.085778027566586,0.008823470287868484,1,1,irem
84.76401694775457,432.8481934784182,336.11938930105464,1.1874943575295553,0.005122939297758642,1,1,irem
90.80867006295054,397.3987060623325,327.0723141209751,1.3921244467496388,0.006930044361859603,1,1,irem
87.11172700881913,438.60892864552216,370.4956236967752,1.1582504670966933,0.00925994442741983,1,1,irem
88.94844273908663,446.98708745816595,344.83934975994555,1.1032666281557497,0.009173923210634954,1,1,irem
85.87342689879111,434.4723882162256,318.05607585338123,1.2262045272197835,0.005109097586479368,1,1,irem
85.72869657364608,411.62729006055696,301.24012589935904,1.477856698284399,0.006773736207258266,1,1,irem
93.84126352429561,422.68078140668723,328.61377524077847,1.408414983198318,0.0066953020248401735,1,1,irem
86.27314207985785,441.20969759251744,362.10066746289635,1.124191375273777,0.009341519171015743,1,1,irem
88.6116944512432,417.003228254164,308.01431916087074,1.4096617030633007,0.006872027611856308,1,1,irem
89.62281256178986,418.76976023165753,339.6491717297113,1.2281659559061984,0.004809146436145671,1,1,irem
85.90944881889764,440.3241106719368,354.3715415019763,1.1392484548382178,0.0089704602743166,1,1,irem
87.37644661886463,420.9685943719368,325.3715415019763,1.2192484523382179,0.0049705345343166,1,1,irem
89.90049576889764,416.3857409586948,314.9495939231234,1.4325923955922593,0.0069743523743424,1,1,irem
110.95009094806865,222.2219285345683,103.03869962090329,2.3551031539763767,0.149212217112484,1,1,huseyin
110.55668793544424,693.3610228607589,559.4590921062892,0.7374585219427883,0.05217828174734365,1,1,huseyin
115.52119309322786,219.05033677151906,105.75409203630245,2.252206023246343,0.14984611557934158,1,1,huseyin
103.90367315010272,211.59816815275948,107.29940838321868,2.4461475569907827,0.11375175481645165,1,1,huseyin
105.93787415558941,206.81347116459455,95.41944089086648,2.4445305497065184,0.10967062317584297,1,1,huseyin
115.31313394501358,215.57219054125042,100.6323560038151,2.2007425173312063,0.1435657184584419,1,1,huseyin
115.91695777286043,717.7703914329211,622.7338730803053,0.6805900259785321,0.04541584172616319,1,1,huseyin
113.4917000306853,229.14460310351808,113.31058903808318,2.252217356912438,0.14778176828434214,1,1,huseyin
105.94193557852286,195.05219134569327,102.54500817334336,2.473419118856728,0.11613805416206334,1,1,huseyin
103.76237078695297,683.272255705175,629.9635873712581,0.7072756510682604,0.04898741608351152,1,1,huseyin
110.11856496114177,226.58402708600258,98.6388379993902,2.353221131027339,0.14607538457817953,1,1,huseyin
108.19717153362618,692.8225053835267,595.1430752307049,0.7172145944542933,0.0493564966783414,1,1,huseyin
118.41959084180652,232.4231774050703,104.1754100295051,2.1706984421282978,0.14344709847879844,1,1,huseyin
111.02098032302028,694.059479040665,594.6054643884216,0.7231154732808167,0.05120952362694789,1,1,huseyin
112.69016178181742,673.5194365037572,621.4902344023077,0.6543111685652815,0.04680414385982872,1,1,huseyin
117.61792321752444,224.79773293341293,110.12025600689758,2.090975383092384,0.14313726226669254,1,1,huseyin
109.54705376324928,210.94102288793397,103.07950049607952,2.12691832330147,0.15031181687913817,1,1,huseyin
120.81376760264563,213.81829715854843,108.13283824045149,2.204743968830439,0.15082420677165198,1,1,huseyin
113.76111073781125,235.39236158934546,106.32206773109961,2.1018009057619165,0.15262106574077658,1,1,huseyin
103.57380298893155,667.4365972377609,625.3285517544244,0.686837270584774,0.046746135097155465,1,1,huseyin
117.42469051725364,215.56525673753507,104.73573579180447,2.223071017038821,0.14660523810678303,1,1,huseyin
116.81370875983546,220.94228487056984,98.66993127559742,2.330133140460024,0.15202967452692875,1,1,huseyin
107.7535150672256,711.6140934596388,575.4176268631156,0.7290366814904579,0.051837638147448434,1,1,huseyin
104.6325183448103,701.2111983837103,574.8270570757404,0.7038153765122792,0.050086043516218794,1,1,huseyin
121.21936525515264,230.7447205579587,104.5030342246465,2.2253867515494794,0.14190884156293937,1,1,huseyin
104.1797632140743,218.0607191339564,106.20575509854054,2.299168053969778,0.10923619339910101,1,1,huseyin
115.48550914903988,208.81048235506006,99.46917456575677,2.2499689677269945,0.1550755037995195,1,1,huseyin
112.4253051727106,710.3067763913912,620.8303390007242,0.682172314333684,0.04495338492572334,1,1,huseyin
115.35196477578569,214.67920912276844,102.29730389951737,2.2473004260198746,0.1559281326438497,1,1,huseyin
106.71810140506601,211.44672001831194,97.69017307854213,2.3341973779219805,0.11279125708744894,1,1,huseyin
110.47671415320643,727.9679420868418,616.8220696989091,0.6941492480425142,0.04600436654724349,1,1,huseyin
108.05187971685008,687.3869372051596,631.5057589577912,0.6793878064661766,0.04594708336833761,1,1,huseyin
105.14338053599619,211.54842402035626,96.29326555842327,2.3655516338308873,0.10839902167556371,1,1,huseyin
115.14758437302444,212.18972272337805,103.04823107722731,2.2110398120785257,0.14877794291383828,1,1,huseyin
114.0251754775959,745.9445791233198,625.4779947057057,0.6970998857856902,0.04583754860788545,1,1,huseyin
107.55121263911562,210.6456127386113,96.48263081497682,2.4870315653197674,0.11102195595882121,1,1,huseyin
108.61158558187897,211.20090073724447,103.44435972802877,2.360059526490029,0.11090789476832948,1,1,huseyin
105.97445451549166,726.973529273847,585.0169869649504,0.7338726602996765,0.05040878893172133,1,1,huseyin
116.1027975066765,225.56854066672324,108.06114501456221,2.1999411041926655,0.14797242065851565,1,1,huseyin
110.3317607866005,204.23617333444722,100.35095352109863,2.39309695248014,0.11537275913170361,1,1,huseyin
113.82875198056462,219.86689098551997,103.38726072532502,2.2923598438891193,0.1478514888166187,1,1,huseyin
111.87287007220445,226.78647527882598,103.0326233525371,2.3919758492274164,0.14478114750293034,1,1,huseyin
108.66477272727272,710.7542857142857,602.0285714285715,0.7069408740359897,0.0482005141388174,1,1,huseyin
106.7364620938628,206.2463768115942,99.41304347826087,2.429654059364255,0.114027085818539,1,1,huseyin
110.97569444444444,219.2439024390244,108.1602787456446,2.285605447359649,0.1507864704855324,1,1,huseyin
113.71293857748768,231.3759892849284,115.98769783034608,2.4338213412867,0.05859470928679252,0,1,cengiz
93.27809047287354,384.5024611325445,277.4425802732495,1.2563915778562542,0.04457800831984041,1,1,cengiz
101.6329979090218,203.35979075884416,110.12816478502472,2.503445859268497,0.06083872982661161,0,1,cengiz
107.06372747331507,216.43724217706793,110.91241012635025,2.318120318404187,0.05832156023142189,0,1,cengiz
92.73325915646089,389.7441048933192,280.65237698505,1.2776537938967294,0.04356782911115123,1,1,cengiz
89.30348714763197,361.359258694643,277.2784002949245,1.4378067307149753,0.042631549674826824,1,1,cengiz
98.24493122448298,361.50986835579107,270.95634160843775,1.3571784020990958,0.04903779424177814,1,1,cengiz
105.57085988609327,215.52161748759232,114.47481222770251,2.3249020527679947,0.06328365873972948,0,1,cengiz
102.89532340705865,217.9618480244257,117.59176125323509,2.401723524618991,0.0651501911740153,0,1,cengiz
97.07764530210767,370.70758087912924,276.8300742144184,1.2614124094632115,0.04612522297269604,1,1,cengiz
96.92730514606468,219.50804768810696,113.10688530611793,2.2626596597189743,0.06479141988612597,0,1,cengiz
108.40290826991883,208.05236023806344,93.90392112062499,2.5455501617635177,0.06836899932517071,1,1,cengiz
91.99720421720338,358.27548119049874,277.89595010718506,1.3787343393038485,0.046291878839231006,1,1,cengiz
96.11065401827783,357.4037184463918,273.92732101717877,1.380668313311892,0.045385717820834816,1,1,cengiz
95.77920684865516,391.9787619449176,280.57547303889095,1.260869379974948,0.04510038042667099,1,1,cengiz
87.38737239132558,357.61531664728955,296.94477392181057,1.3757615025646337,0.044948044808597286,1,1,cengiz
108.76761253577723,198.06837855888796,97.46091837524365,2.492966544952202,0.07023162748568589,1,1,cengiz
90.75386427417901,371.8916200902093,288.2536718905051,1.4156461825398492,0.04458846924568354,1,1,cengiz
90.48563607243938,381.6879198324968,264.7652135913606,1.3669302483222656,0.047663982479460854,1,1,cengiz
102.65866542764702,224.9699143814114,114.0718835955976,2.2010316257269937,0.05771237523568803,0,1,cengiz
89.76163950099898,358.40191609410715,270.57578323506993,1.340505278647686,0.04764222400147122,1,1,cengiz
99.08744563258085,370.18318164202157,295.20566879724106,1.361920280982274,0.044988270782586326,1,1,cengiz
98.01959841633015,348.30378728495083,286.97199521460846,1.3224294506084353,0.04446869989058342,1,1,cengiz
107.03218424781801,221.3422874130334,111.1965804978518,2.286429629024034,0.060502620277389674,0,1,cengiz
100.3282756120119,226.791318000345,107.88933470794214,2.2286713472846436,0.06513257312105773,0,1,cengiz
89.89725934483465,345.64775530592175,284.97096346903345,1.380707313637393,0.04152355254216079,1,1,cengiz
97.92994148246792,383.61358807342833,285.7906842397331,1.3293076636216508,0.04126440797427532,1,1,cengiz
90.74438344145919,377.85086600125186,286.926598618917,1.383218706495563,0.04527253707840571,1,1,cengiz
103.99826662164561,222.03356725065655,116.9852523530576,2.446879425787903,0.05829155729942071,0,1,cengiz
99.00145342848877,195.6458111158027,95.75995619659741,2.5635635115220836,0.0690121370335506,1,1,cengiz
109.01132278607386,223.72324969206292,113.99134155860446,2.337990424890877,0.05877738225532603,0,1,cengiz
104.01255151907542,227.1065843138459,113.96223156237222,2.357506751868776,0.06036274977736324,0,1,cengiz
90.35912874468768,374.7987834297008,276.86915921152894,1.3001237684696803,0.04391235883385439,1,1,cengiz
93.97542188753548,359.92833133816475,288.2343220514018,1.3272754489759904,0.044088469575117376,1,1,cengiz
93.20937793833662,374.20003468225786,280.66576335624,1.321781373452091,0.046402242919751736,1,1,cengiz
89.87716590348663,362.45535021240914,288.73713036791725,1.4205652869910637,0.04307970878254198,1,1,cengiz
88.13844231027007,376.6853384338361,271.17631932147407,1.3689379129021186,0.044329453109986025,1,1,cengiz
94.79547714166814,373.5758341030358,284.95616981143445,1.325885265336657,0.04323120891496372,1,1,cengiz
94.03836001462187,373.5531634624706,268.69205073721093,1.3090480289573825,0.04727534956979695,1,1,cengiz
102.4580394629404,211.5891312553928,113.08893680961984,2.401235651488794,0.0634117529488591,0,1,cengiz
100.1193449965813,223.16226536865852,112.56177199624268,2.2097339642560327,0.06350110559689155,0,1,cengiz
104.18964581086641,201.40164944189266,93.7666936428133,2.490813672340983,0.07152108723435857,1,1,cengiz
91.24907063197026,370.4738805970149,279.1940298507463,1.3535272214954213,0.0452852973734527,1,1,cengiz
105.29477611940298,216.33333333333331,110.94007490636704,2.3167358229598896,0.0605117565698478,0,1,cengiz
107.42857142857144,201.2264150943396,93.73584905660375,2.489890669462333,0.0748839299086416,1,1,cengiz
65.68598683244156,397.5249202156545,321.7598455444254,1.3209790067776102,0.020915257967299407,1,1,ali
65.68718528987122,600.5310558073888,486.6754262731262,0.8557445568910566,0.006984640461625465,1,1,ali
67.12347836929779,561.6954303907585,506.20189265209615,0.9158687909000409,0.006856810575414328,1,1,ali
69.77614766458538,387.9858620813406,337.8903727113109,1.1962640696575702,0.02021498467077775,1,1,ali
67.73463470977987,569.2836313728485,494.7895538217663,0.8821924210107107,0.006491165300414501,1,1,ali
70.74667646702507,593.4989533769283,512.488520324614,0.9184142520520127,0.007018695282435452,1,1,ali
64.01191384758894,567.8948256869272,484.248244843275,0.8459141215269126,0.007193179898282042,1,1,ali
76.89400290088578,410.6977747842392,320.1457479876535,1.1426072282573212,0.0,1,1,ali
67.55761400802002,560.5427086432703,483.1151137609725,0.9536380245731509,0.0067170571093248125,1,1,ali
66.70519939960282,389.4259774216625,328.8242130703412,1.2658089909829287,0.020497620307408784,1,1,ali
68.64624251267036,594.1048118211988,477.563872687898,0.8868153061772078,0.007275913541675905,1,1,ali
69.3525568381554,384.14096962910736,326.660558847403,1.2388850722415816,0.019673720040084625,1,1,ali
63.45509957258476,386.5316975521237,322.42711405901406,1.323894848006009,0.0201919861288703,1,1,ali
73.41650935500913,427.64716275878044,336.2153693265971,1.2399724366676577,0.0,1,1,ali
65.353129744205,386.2217629135465,330.0222275840275,1.2423169171661697,0.021592084765776433,1,1,ali
73.77657857239775,425.19813769898894,344.0094486302249,1.2263826905941935,0.0,1,1,ali
79.29110297383569,430.20674008125627,332.325970887686,1.2695429685203738,0.0,1,1,ali
78.95880821985939,419.3791728944549,337.20301108540656,1.228535615781462,0.0,1,1,ali
76.09759583263418,418.1762671352958,335.05058216496724,1.1528902946004145,0.0,1,1,ali
75.33889400345507,427.3919814050475,352.6045936756228,1.1680475214534476,0.0,1,1,ali
76.92541493854789,426.1944855289012,314.91552025573776,1.1632983731623754,0.0,1,1,ali
66.18120030614449,527.8793377345337,499.77511197628417,0.9222146401437183,0.007216839376435833,1,1,ali
69.03030788319316,381.6036594190872,327.7814055404771,1.2650109232438878,0.021522717248375532,1,1,ali
69.6547821335425,580.9307435096524,501.3100340352691,0.8538800922672588,0.006786182917280912,1,1,ali
67.11027601843078,576.5028128246006,472.4943026997626,0.9506449594261653,0.006937953850225558,1,1,ali
68.86127169068905,376.78860412172685,314.43285509388693,1.264679645606388,0.02045138484489529,1,1,ali
77.38516868638492,411.63217151768026,323.0100858714692,1.1604416014381975,0.0,1,1,ali
68.66556974203901,372.59744037682214,339.46280938087085,1.2186942407198975,0.02182157141677667,1,1,ali
77.3951787818849,396.9849349695532,335.0362145484313,1.234629921437978,0.0,1,1,ali
67.21861228206457,370.4780405643081,344.44100839968644,1.2439212187466482,0.020043130392586924,1,1,ali
74.16540564260913,412.15198352452455,324.9773148841393,1.1583199497862517,0.0,1,1,ali
76.18223024620103,408.86663304574694,352.550135147014,1.2472098357714905,0.0,1,1,ali
65.39234179753367,575.0948586856706,488.3852428399632,0.9247864267937048,0.006641458580590484,1,1,ali
76.18688540064235,425.1639524660771,325.2134157204334,1.211213136086966,0.0,1,1,ali
66.9126395664761,381.05928988395357,337.4354033478917,1.2572685472539553,0.020971614754249773,1,1,ali
69.8087640123719,373.20884441829736,328.2782601627469,1.2663031566085783,0.02061577006096227,1,1,ali
69.38901054336377,542.6473894269412,498.9814039322528,0.907270878961654,0.007104770504054182,1,1,ali
63.78831101343843,380.37579484318155,315.65533455682913,1.319929276985507,0.019306079075864603,1,1,ali
74.14448785927043,396.74311167190893,322.8890732501012,1.2001598356745076,0.0,1,1,ali
66.81590072139299,577.8538664245671,478.50924859595585,0.8483152306225573,0.00692548063084834,1,1,ali
67.71087951581995,574.4653742309388,495.1773089006452,0.9228225399590385,0.006968194015263614,1,1,ali
72.69953810703228,409.1761583582033,337.1652292548719,1.2087589079514156,0.0,1,1,ali
68.56692913385827,565.5375494071146,497.0671936758893,0.8870325617779764,0.0069845083604565,1,1,ali
66.65503875968992,388.1712062256809,321.49805447470817,1.2923002945242532,0.0200356634809961,1,1,ali
76.0199203187251,412.724,336.764,1.2152374312495158,0.0,1,1,ali
100.27218166910028,398.74080613751244,295.5553636501775,1.2355160263414047,0.04782601686125666,1,1,cagatay
90.25283011846656,457.06506587503713,360.60592529468676,1.0809841221631347,0.016666893019234203,1,1,cagatay
93.92747210219056,401.2558380884502,353.41597937113306,1.161649271888711,0.03466372341688734,1,1,cagatay
96.23913004638936,410.9819903727354,325.32542526021894,1.1621302564805769,0.05121984955494272,1,1,cagatay
83.19290099064987,450.5744898221194,379.81360836473766,1.0287361681229414,0.01577633214772865,1,1,cagatay
86.57565116273436,459.9633242585957,393.51838786239483,1.0428151004735753,0.016895431552211758,1,1,cagatay
100.52952184795015,413.48147784679986,299.7739852937451,1.257100967226742,0.050861712435757475,1,1,cagatay
87.33461141199038,503.86360574900885,418.95714066632877,1.1277540344501849,0.01584546491316581,1,1,cagatay
94.09460309571249,402.8653408693139,326.9881341377328,1.2701923578559613,0.051296574613324125,1,1,cagatay
83.00224655447771,451.9539024332158,383.1954511275641,0.9993445937797548,0.015732792692394335,1,1,cagatay
103.33392911583212,423.44730809520775,310.08793397969555,1.2729730530833643,0.0501248661869847,1,1,cagatay
89.86042387205019,495.06592551712185,392.1766800985774,1.0649332044332331,0.01642540424750674,1,1,cagatay
88.68363359067837,465.418554258327,409.5217431426161,1.0712172037675918,0.017247776409374416,1,1,cagatay
82.99714542138474,491.06418011864264,374.5595244575093,1.057675255351995,0.016244016592383125,1,1,cagatay
83.09389584712405,460.4598645246059,394.3847800862811,1.094190951452917,0.016356653402111152,1,1,cagatay
103.52369507313335,397.990238747711,325.6602431350784,1.218614085006681,0.05027339564233704,1,1,cagatay
85.53335157581446,451.91252114156134,367.3812662977075,1.101663681979244,0.017873696221561753,1,1,cagatay
103.15012176196203,409.586289555098,311.1810554149643,1.168255575272123,0.05247209947589952,1,1,cagatay
84.1047239733242,484.7987173200866,396.9638782573143,1.0261285705560206,0.017143824857060425,1,1,cagatay
77.56716750338506,474.56687838416144,393.2300917740087,1.1321779033313388,0.017445824870239372,1,1,cagatay
90.67998227951318,416.86222578664524,325.1138969793269,1.1735412190485033,0.0350742732019703,1,1,cagatay
93.73291250916347,396.9587550231318,309.91226621506985,1.2307892065866348,0.050275014138803684,1,1,cagatay
88.19334130138581,435.1948439246039,345.7318323047816,1.1578495759038492,0.034194449089860995,1,1,cagatay
83.05943242086154,486.7458632700569,420.9698824936106,1.0582466612782937,0.016398786789303395,1,1,cagatay
84.35740019655105,492.86246095490475,397.9032944681451,1.0694576761609498,0.016651496531637153,1,1,cagatay
84.4436774215679,457.3949978963052,382.7854863848523,1.0521370702869581,0.016639827871218458,1,1,cagatay
96.48477540394876,423.8883046530805,323.139809475262,1.186526212383263,0.04771205741020667,1,1,cagatay
89.50819578267775,433.73116050632683,326.67361752197553,1.1561203001809222,0.03523481679446076,1,1,cagatay
89.73971430418938,502.21376830285595,424.4820766068606,1.008078573566232,0.015124740507611627,1,1,cagatay
82.9961951252883,482.0264182023295,355.0171919544056,1.0714656584996416,0.01756735882671308,1,1,cagatay
89.85530700445229,436.89113871558186,323.1869690451076,1.1862741008894795,0.03527336923170309,1,1,cagatay
87.04213545357486,472.4535677596072,371.7450491891362,1.0986716157926784,0.01704030883733493,1,1,cagatay
89.81720034041214,432.5727213563554,329.5095544529766,1.2072816039802226,0.03512565624645738,1,1,cagatay
104.64648476700835,417.257605726444,309.2101610032001,1.2295201849699828,0.0503222560388408,1,1,cagatay
81.55579421486225,466.332280801109,398.99781769827524,1.0786467247433047,0.016900219529830902,1,1,cagatay
86.45429323605458,485.6361466682384,405.1399160062291,1.0314246909840241,0.015909796899397536,1,1,cagatay
99.34715680527248,412.17760604403696,326.36088530823264,1.2030840659231827,0.04809560263980172,1,1,cagatay
89.69058568913287,437.6348847675745,333.61050074188876,1.1525241538769202,0.03564195421761247,1,1,cagatay
91.10819410259475,415.0834885634949,343.2513232258127,1.2084719693040933,0.03531717804396074,1,1,cagatay
96.78885339958168,410.87558406788025,321.0972176722882,1.2586844653083966,0.04906077819894329,1,1,cagatay
85.62385130603012,492.01287259264495,402.6555210053995,1.1051537523705557,0.0161858873032559,1,1,cagatay
86.88976625388386,472.02525914089574,401.3979530325378,1.0500111674377564,0.016458522892487233,1,1,cagatay
83.48062015503876,472.5175097276265,389.0428015564202,1.0615361827488028,0.0164579253139349,1,1,cagatay
91.593984962406,427.2150943396226,335.51698113207544,1.1741233800628552,0.0353119813552738,1,1,cagatay
99.83333333333331,411.82156133828994,311.9368029739777,1.2176862157920372,0.049609438421157,1,1,cagatay
83.102750091007,595.6527781967841,542.903482794861,0.8308865700489254,0.0,1,1,ece
82.66034186919063,646.9771789216816,556.2738690808153,0.8011154326101495,0.0,1,1,ece
79.19584705996374,604.0871796616892,567.2633213829027,0.7662999070106356,0.0,1,1,ece
75.05909899982505,636.8572712675156,534.8327343640318,0.7692945349924306,0.0,1,1,ece
105.32278013522757,481.78191549379545,403.11052068865655,1.0482272129334669,0.0354955600862594,1,1,ece
115.26299006876182,517.2387874100259,402.30509152121175,0.9634638718754832,0.02128865517237535,1,1,ece
83.63342094994131,603.5407267005427,516.4887945831317,0.7636629727904871,0.0,1,1,ece
106.5265039572084,562.1764594559545,409.908261596745,1.011259518076604,0.021351459890269767,1,1,ece
116.90534972882418,491.1564448205037,406.35875990149606,0.885078598742603,0.021090788933647475,1,1,ece
115.55646323107685,502.28837650933815,407.85114039118275,0.9318939901917461,0.021706849642261855,1,1,ece
79.38676291300946,597.8410563033009,514.8103902428513,0.8355120594349089,0.0,1,1,ece
77.68004340582294,638.4023866758159,521.7182574012796,0.8199176757916118,0.0,1,1,ece
80.43189574962506,595.4083267484565,508.79752507123277,0.8482554528239267,0.0,1,1,ece
75.40109780310526,618.9399595742921,529.209304900898,0.8352084016221564,0.0,1,1,ece
77.29941549939436,590.1665763945152,520.6371537041546,0.8066298828589924,0.0,1,1,ece
75.61440480668723,613.5235299134192,503.7903185950601,0.7993935092005512,0.0,1,1,ece
78.42091594288702,612.9794964490686,572.3366409760096,0.8032232593512405,0.0,1,1,ece
116.44137972347822,498.92308978846086,397.1369611334663,0.8869609224030125,0.022045012810005885,1,1,ece
83.34288415527278,593.7341502229237,527.5372477044131,0.7963324845451168,0.0,1,1,ece
76.67868828356309,633.7533834895212,541.6197487773335,0.778846647088384,0.0,1,1,ece
110.99350349240054,518.4840534490082,377.6597424826769,1.0127215876824769,0.03343702750007599,1,1,ece
114.79689461738839,523.0532157320359,420.7146141367477,0.9990885445839908,0.022596935104031456,1,1,ece
83.07685620221976,637.3869485104082,529.019205977727,0.8085121122916452,0.0,1,1,ece
114.06036501526168,498.91545068252435,402.1915192558822,0.89203940353317,0.021178498739319904,1,1,ece
108.06973476484357,471.9648004588364,385.52593684160007,1.010130343140308,0.031639083605934294,1,1,ece
81.33196798997965,610.3974370335975,536.6282478252648,0.8132744308720289,0.0,1,1,ece
113.9460170115656,544.0641442061033,437.66367670323393,0.976135629315963,0.021379967247541428,1,1,ece
76.68304395268935,632.4876667329461,509.00465531021047,0.836384745237211,0.0,1,1,ece
80.35992994245346,642.631638506481,517.0834611087244,0.794963596528368,0.0,1,1,ece
114.60552508603006,501.56543558410846,402.63271026361764,1.0522825361968875,0.034134690726370646,1,1,ece
110.98231012784328,500.7744336363289,392.02206051042043,0.9671246771271108,0.03547012477264345,1,1,ece
79.63508428006517,615.3284331500723,525.7798334237331,0.824425484613053,0.0,1,1,ece
111.46347309532065,517.3656163957274,408.4722545307496,0.9176178152755401,0.022251300545169012,1,1,ece
79.41679607959178,616.064443675347,522.8741862299654,0.7851906116958315,0.0,1,1,ece
109.71619558338071,546.6507574251475,425.40887809230145,0.9752739361486611,0.021655725937790377,1,1,ece
108.36882244757739,534.6841112861681,421.99400460890405,0.9329410426548848,0.022943507218175646,1,1,ece
112.02408464544399,513.5422569281722,417.6172885395324,0.92319634463468,0.02123333501693022,1,1,ece
116.41378977148987,506.64850768156816,405.10061598499055,0.982636049948297,0.021233154072863542,1,1,ece
109.59114938473085,493.66786440685866,370.2478737083538,0.9933209439352043,0.032877663031063695,1,1,ece
106.77179193013545,505.98116737292133,390.3134359749899,1.0312635535830057,0.034812756333016025,1,1,ece
82.05097260571506,613.113294876947,529.9125622056829,0.7967229869558109,0.0,1,1,ece
77.70494334664289,619.2623788113006,529.0006660684438,0.8040901502911899,0.0,1,1,ece
81.4820717131474,628.172,546.592,0.7988542329726289,0.0,1,1,ece
112.07335907335909,528.0116279069767,415.9341085271318,0.94984523757133,0.0220041367777142,1,1,ece
110.10861423220972,494.5187969924812,384.406015037594,1.0140447091172875,0.0341812823297962,1,1,ece
94.92681198860029,642.333992776558,536.8308568780595,0.8162935652075717,0.024821029389011044,1,1,mehmet
96.02231352949408,660.5609564507482,567.0289123008198,0.7359809206108248,0.05760046684126361,1,1,mehmet
95.70154575838427,664.3096123884927,572.9106940741866,0.7470200444691493,0.06001807022955467,1,1,mehmet
93.52031566886954,688.5102822139912,574.7745474984679,0.7866826665367906,0.059334741440613535,1,1,mehmet
95.19318649698648,647.2899444827805,515.3077788822194,0.7884512593129883,0.06435939018471248,1,1,mehmet
93.03336636544934,620.7872174420531,570.6885651261458,0.8058753947454689,0.06364471808938327,1,1,mehmet
100.55447267572066,648.0425087035259,521.740678169752,0.7488062799740873,0.022116430718311646,1,1,mehmet
87.1270445113928,608.6034544009984,568.9716401833495,0.8079062249613145,0.06445501816367359,1,1,mehmet
92.38969840037404,641.5656462265578,535.4850017168279,0.7275770665739977,0.06265028161162822,1,1,mehmet
96.85519769733374,652.4664496816287,594.5275709225114,0.7755617459622023,0.056474910952378554,1,1,mehmet
89.53838835195333,604.6919117010283,528.1698271263924,0.7844235886740359,0.03854383731512044,1,1,mehmet
96.69435166331394,600.8615810051822,546.4921881831158,0.7933588998402584,0.0236938428933404,1,1,mehmet
94.59078447236777,685.4723825785585,569.7208304595626,0.7291514343229312,0.05974672264724486,1,1,mehmet
98.11329517401934,622.3507468428276,520.0724551315135,0.7793282065834154,0.023937332812055026,1,1,mehmet
103.16448262430225,626.9705231895686,541.7096508744588,0.8147984808452925,0.02319465376799328,1,1,mehmet
88.91870479873964,680.2202925247965,575.4884394959463,0.7702900780526346,0.057421182492931565,1,1,mehmet
99.8325330186471,606.038087391295,556.9626373132412,0.8140740989790403,0.022945536797289005,1,1,mehmet
95.8477098237185,640.6330004239506,527.2744598116687,0.8184406410976979,0.039990410160113204,1,1,mehmet
95.20096946554708,617.8498522005622,504.64088229662303,0.7950187079374457,0.024536582319323284,1,1,mehmet
89.80559283991357,620.0604115746256,593.0655623165529,0.7429608723129694,0.060096480990759926,1,1,mehmet
101.69009550728624,668.8488320235754,603.1596943167306,0.7843035864095144,0.06247676779298447,1,1,mehmet
92.85548199980725,672.33080435492,580.3012907980955,0.7347877505617717,0.056213749845540804,1,1,mehmet
91.63896514211612,591.0998298555264,517.2212370514824,0.8364177432623165,0.038257490976281665,1,1,mehmet
93.18820989162019,635.7164577678196,504.5956382907562,0.8233781778817713,0.024372821399782106,1,1,mehmet
97.97913101493978,668.7209288724372,560.6507747650351,0.7645248647423648,0.05850317652041618,1,1,mehmet
89.48355389511455,627.1567165708146,514.6782254216912,0.7723662557148804,0.061152752980589344,1,1,mehmet
91.80951414888857,610.590990718548,589.2862537397438,0.7839911720020585,0.06035957492326076,1,1,mehmet
98.4654049848306,594.5895397906181,523.5082658616924,0.7845501340740816,0.02283179532301104,1,1,mehmet
94.80822829386702,595.0085800818408,527.6419265633864,0.7774518557641821,0.037138318755032394,1,1,mehmet
95.88766244409805,637.8898612102222,558.4565418881546,0.7692142597849574,0.02323793473902565,1,1,mehmet
97.26826722483295,619.6378466011184,539.9105037341658,0.795627698893074,0.023422459898862668,1,1,mehmet
92.0164236008375,684.8384857587639,580.6210155405364,0.7413565437772843,0.057725489173530396,1,1,mehmet
99.71556437655947,640.8054123134124,569.1803788115253,0.7956265807808665,0.023364404692057517,1,1,mehmet
99.64594784737731,626.0279184239646,561.7482444658441,0.7405449042938277,0.062442253387163,1,1,mehmet
93.62038577790467,636.1660965137263,517.6157794605556,0.7938069217149459,0.02433935033072541,1,1,mehmet
93.02024052112546,628.3578781952966,567.3726774225742,0.7808707213447458,0.062327104404897526,1,1,mehmet
93.52866650570842,653.6599086042929,534.1480408758432,0.7908823355721731,0.06244804587175681,1,1,mehmet
91.29629207540773,632.0015276667701,585.8494572502153,0.7952311058731361,0.06160912623427661,1,1,mehmet
99.73694420405666,663.4535505040504,587.0224218431576,0.7642071568431975,0.0624738894537649,1,1,mehmet
96.78182817182791,667.9793838329379,586.5131295487262,0.7694345690890068,0.057620527461550844,1,1,mehmet
93.32205278677668,626.307871131056,530.3653716751223,0.8086108361971713,0.04004826945300276,1,1,mehmet
97.93614685107534,667.6916135680066,543.1199650977485,0.7413886364200016,0.023226165220539063,1,1,mehmet
93.01079136690647,613.8772563176896,520.5487364620939,0.817411451993249,0.0382242765320584,1,1,mehmet
96.06551724137933,656.2698961937716,560.2456747404844,0.7640828371186172,0.0605996732887179,1,1,mehmet
98.45522388059702,642.7902621722847,544.3857677902622,0.7802628437669227,0.0232914281721469,1,1,mehmet
68.88549663580532,559.3690510278229,509.0115789029875,0.876946224931253,0.025567611561691732,0,1,naz
77.64420767736796,542.526337247174,474.47220087558725,0.899984995361661,0.011175477179268933,0,1,naz
71.70994713834827,579.2168932936986,524.6349164267219,0.8805787917370219,0.025285715938732044,0,1,naz
75.03587660611053,602.0428820570284,518.5375887140383,0.9213963882168694,0.026574995399334674,0,1,naz
66.40847543109928,567.8477139343054,510.2389994402567,0.9289267036112072,0.006429895741837789,1,1,naz
61.84934438240385,621.1818867975832,526.9571995098024,0.841468247058091,0.006429192619083045,1,1,naz
76.04686181267591,581.1830060228463,529.489853731416,0.859317844378192,0.027675793201984072,0,1,naz
68.84993230847552,542.6847115097025,511.92065266434724,0.8404933886890008,0.02423733216961848,0,1,naz
75.12205317253809,546.486923801833,447.6861164257665,0.9570963067899805,0.011320429055245171,0,1,naz
78.23831892942837,559.0786365769652,514.0254344922947,0.9337634564859366,0.026876842217257453,0,1,naz
75.99109720899925,600.8359632921045,501.13467110962074,0.8909664340301736,0.025510730721532364,0,1,naz
68.58975816847611,546.9316472582284,482.6628120471716,0.8261061815548123,0.024959975662691036,0,1,naz
76.32313961038687,580.1582077552573,520.3284932487636,0.8698661892301981,0.024988152504016526,0,1,naz
76.85750676445205,555.5414266183986,441.4277175419992,0.9368363192333804,0.01149816881952179,0,1,naz
78.8555004097257,600.4821915581865,514.247770938005,0.9211857655301682,0.027378691896051438,0,1,naz
72.37157309446005,553.0230599681332,457.7161164075218,0.8764421839687871,0.026090553383208932,0,1,naz
69.50979204959201,578.2197873373752,509.16347807795654,0.8849333705918075,0.026471310936748736,0,1,naz
71.01612074860415,554.2704716360493,535.7823063934413,0.8151270293301686,0.025037316577289758,0,1,naz
70.27771081844138,585.4812588685807,534.3713075924276,0.8218543235527673,0.02764450945455496,0,1,naz
69.215592459742,560.9812013803058,499.57022372201055,0.8803805742958047,0.026890907280442078,0,1,naz
71.18740690708299,543.3531446845755,491.996276575556,0.8125473486712165,0.02516510846848474,0,1,naz
79.67837640096799,509.90256120139367,471.14126517281073,0.9149343783327804,0.010824099532316622,0,1,naz
68.82568810908109,592.1169342459935,534.9299229528895,0.854116361584263,0.026104013299912875,0,1,naz
71.85765987329805,584.2728369875117,541.1433031150729,0.8406751201643667,0.024764930612560795,0,1,naz
74.28270407337965,568.6077734376815,502.99201432064496,0.8140865919148769,0.02586570309331145,0,1,naz
66.54381470496816,568.1255055836823,487.9471071846837,0.8173074561259323,0.024381919529141736,0,1,naz
67.93901610174673,539.8318602721104,513.7682827300391,0.810390831509495,0.026119225827260152,0,1,naz
71.44376956582042,610.7783170600497,515.0946533093805,0.8645203222555524,0.027804060198916458,0,1,naz
68.69829630544997,528.9608823935947,518.4251942441094,0.842440474764492,0.02682513900548258,0,1,naz
70.59715117777546,595.4176480732838,515.7522361436505,0.8778769771251864,0.027960956580073158,0,1,naz
66.66946724641251,603.2631453842355,526.4037465502024,0.8937202763635926,0.0070529138200329045,1,1,naz
71.05970316775097,556.6455895780192,513.314933948491,0.8276563838233161,0.02615604363749375,0,1,naz
75.67071783554654,574.7058393150328,515.2900915389654,0.9015382834833441,0.02682605937606752,0,1,naz
76.33024635577786,524.5860954863534,453.8671049612903,0.9117265383311951,0.010977657686773522,0,1,naz
69.36121500453343,551.8568390490628,504.66280296507347,0.8474920946662763,0.025382470764822578,0,1,naz
70.2085863712022,560.0187083330508,522.7841791437078,0.8348937474013848,0.025622633470158855,0,1,naz
66.64298210082826,549.967112918255,486.2416896958016,0.9127585826770935,0.006679892992319563,1,1,naz
71.42716492090595,557.9206082762801,481.09227092318247,0.8361016705431147,0.027376995703342677,0,1,naz
78.02716943921877,530.2996784289189,466.93961990982086,0.8934118739580013,0.010677497681000337,0,1,naz
72.72430240355499,579.7069782561351,510.29490886863437,0.8829346074599069,0.026153077854724507,0,1,naz
64.06023357094395,594.1402185360562,509.0660251261561,0.8498330501860463,0.0066222229697125035,1,1,naz
69.94565677200978,603.4912995503519,529.1847669079455,0.8427020547151918,0.027097512001320868,0,1,naz
65.83529411764705,574.7283464566929,508.8700787401575,0.8730425017632034,0.0068473921706917,1,1,naz
72.45283018867924,577.469696969697,504.9734848484849,0.8687783992184273,0.0262272724292355,0,1,naz
78.69291338582677,534.5573122529644,455.8181818181818,0.9385854704013008,0.01108565516222,0,1,naz
